id;file;file_content_type;file_content_type;name;size
1;../fake-data/blob/hipster.png;image/png;drat;lest questioningly;19009
2;../fake-data/blob/hipster.png;image/png;how pricey if;bah yuck;14883
3;../fake-data/blob/hipster.png;image/png;ha coop sans;blah strictly;28905
4;../fake-data/blob/hipster.png;image/png;joyously ill;window upon;17036
5;../fake-data/blob/hipster.png;image/png;merit;resort and;27371
6;../fake-data/blob/hipster.png;image/png;painfully;after oh though;27890
7;../fake-data/blob/hipster.png;image/png;hence widow;psst though;11016
8;../fake-data/blob/hipster.png;image/png;unto plus ownership;yet liquid;19435
9;../fake-data/blob/hipster.png;image/png;settle;instruction meanwhile;12504
10;../fake-data/blob/hipster.png;image/png;uh-huh until spirit;showboat nun aha;9232
